{"cameraMode":{"drawMode":0,"name":"Shaded","section":"Shading Mode"},"sceneLighting":true,"audioPlay":false,"sceneViewState":{"m_AlwaysRefresh":false,"showFog":true,"showSkybox":true,"showFlares":true,"showImageEffects":true,"showParticleSystems":true,"showVisualEffectGraphs":true,"m_FxEnabled":true},"in2DMode":false,"pivot":{"x":455.0638427734375,"y":29.483888626098634,"z":152.33363342285157},"rotation":{"x":-0.14850656688213349,"y":-0.26582956314086916,"z":0.041484568268060687,"w":-0.9516091346740723},"size":0.16562221944332124,"orthographic":false}