{"cameraMode":{"drawMode":0,"name":"Shaded","section":"Shading Mode"},"sceneLighting":true,"audioPlay":false,"sceneViewState":{"m_AlwaysRefresh":false,"showFog":true,"showSkybox":true,"showFlares":true,"showImageEffects":true,"showParticleSystems":true,"showVisualEffectGraphs":true,"m_FxEnabled":true},"in2DMode":false,"pivot":{"x":457.25634765625,"y":29.86634635925293,"z":152.6516571044922},"rotation":{"x":-0.04526805505156517,"y":-0.033862125128507617,"z":0.0015349604655057192,"w":-0.9983999133110046},"size":2.4585304260253908,"orthographic":false}