{"cameraMode":{"drawMode":2,"name":"Shaded Wireframe","section":"Shading Mode"},"sceneLighting":true,"audioPlay":false,"sceneViewState":{"m_AlwaysRefresh":false,"showFog":true,"showSkybox":true,"showFlares":true,"showImageEffects":true,"showParticleSystems":true,"showVisualEffectGraphs":true,"m_FxEnabled":true},"in2DMode":false,"pivot":{"x":458.9444580078125,"y":28.865522384643556,"z":158.10440063476563},"rotation":{"x":-0.018005196005105974,"y":0.8201594948768616,"z":0.025841545313596727,"w":0.5712724328041077},"size":2.3736064434051515,"orthographic":false}