{"cameraMode":{"drawMode":0,"name":"Shaded","section":"Shading Mode"},"sceneLighting":true,"audioPlay":false,"sceneViewState":{"m_AlwaysRefresh":false,"showFog":true,"showSkybox":true,"showFlares":true,"showImageEffects":true,"showParticleSystems":true,"showVisualEffectGraphs":true,"m_FxEnabled":true},"in2DMode":false,"pivot":{"x":455.0414123535156,"y":29.73708724975586,"z":151.7902374267578},"rotation":{"x":-0.0991457849740982,"y":0.0035788770765066149,"z":-0.0003569357213564217,"w":-0.9950667023658752},"size":0.09631180018186569,"orthographic":false}