{"cameraMode":{"drawMode":2,"name":"Shaded Wireframe","section":"Shading Mode"},"sceneLighting":false,"audioPlay":false,"sceneViewState":{"m_AlwaysRefresh":false,"showFog":true,"showSkybox":false,"showFlares":true,"showImageEffects":true,"showParticleSystems":true,"showVisualEffectGraphs":true,"m_FxEnabled":true},"in2DMode":false,"pivot":{"x":3.9972076416015627,"y":0.007155120372772217,"z":-0.0027446672320365907},"rotation":{"x":-0.018005196005105974,"y":0.8201594948768616,"z":0.025841545313596727,"w":0.5712724328041077},"size":0.7222508192062378,"orthographic":false}