{"cameraMode":{"drawMode":2,"name":"Shaded Wireframe","section":"Shading Mode"},"sceneLighting":false,"audioPlay":false,"sceneViewState":{"m_AlwaysRefresh":false,"showFog":true,"showSkybox":false,"showFlares":true,"showImageEffects":true,"showParticleSystems":true,"showVisualEffectGraphs":true,"m_FxEnabled":true},"in2DMode":false,"pivot":{"x":-0.0000010728836059570313,"y":0.03027510643005371,"z":-0.002407122403383255},"rotation":{"x":-0.018005196005105974,"y":0.8201594948768616,"z":0.025841545313596727,"w":0.5712724328041077},"size":0.2152256816625595,"orthographic":false}